nama_kabupaten,tahun,luas_panen_ha,produksi_ton,produktivitas_ku_ha,yield_ton_ha,sumber,yield_relative,status_aktual,yield_yoy_pct,musim,tahun_panen,temp_veg_mean,temp_rep_mean,temp_mat_mean,rain_veg_total,rain_rep_total,rain_mat_total,rain_total_musim,humidity_mean_musim,radiation_veg,radiation_rep,et0_total_musim,drought_index_mean,n_bulan_data,water_balance,ph_h2o,nitrogen_cn_kg,clay_pct,sand_pct,silt_pct,soc_dg_kg,cec_mmol_kg,bulk_density,fertility_index,whc_proxy,ph_status,texture_class,kesesuaian_padi,musim_encoded,kesesuaian_encoded,ph_status_encoded,texture_encoded,yield_lag1,yield_lag2,yield_trend
Kab. Bandung,2019,52800,287200,54.4,5.44,bps_embed,0.9956076134699852,NORMAL,,MG,2019,25.144,23.923,23.671,620.9,75.8,39.4,736.1,77.508,1054.33,1192.11,,1.479,5.0,,5.8,162,35.0,28.0,37.0,22.3,225,1.15,7.84,21.4,optimal,clay_loam,S1,0,2,2,3,,,
Kab. Bandung,2020,51200,279500,54.6,5.46,bps_embed,0.9992679355783308,NORMAL,0.37,MG,2020,24.994,24.188,24.023,847.3,183.1,108.4,1138.8,81.372,931.61,1079.03,,2.68,5.0,,5.8,162,35.0,28.0,37.0,22.3,225,1.15,7.84,21.4,optimal,clay_loam,S1,0,2,2,3,5.44,,0.019999999999999574
Kab. Bandung,2021,50100,273900,54.7,5.470000000000001,bps_embed,1.0010980966325036,NORMAL,0.18,MG,2021,24.646,23.975,23.697,522.1,315.0,112.5,949.6,81.028,1069.96,1041.48,,2.308,5.0,,5.8,162,35.0,28.0,37.0,22.3,225,1.15,7.84,21.4,optimal,clay_loam,S1,0,2,2,3,5.46,5.44,0.010000000000000675
Kab. Bandung,2022,54200,297000,54.8,5.48,bps_embed,1.0029282576866765,NORMAL,0.18,MG,2022,24.425,24.037,24.235,630.8,441.2,153.6,1225.6,81.832,977.25,987.08,,2.734,5.0,,5.8,162,35.0,28.0,37.0,22.3,225,1.15,7.84,21.4,optimal,clay_loam,S1,0,2,2,3,5.470000000000001,5.46,0.009999999999999787
Kab. Bandung,2023,48500,265300,54.7,5.470000000000001,bps_embed,1.0010980966325036,NORMAL,-0.18,MG,2023,24.895,24.014,23.516,436.2,251.6,46.5,734.3,81.028,1075.49,1054.57,,1.623,5.0,,5.8,162,35.0,28.0,37.0,22.3,225,1.15,7.84,21.4,optimal,clay_loam,S1,0,2,2,3,5.48,5.470000000000001,-0.009999999999999787
Kab. Bandung,2019,52800,287200,54.4,5.44,bps_embed,0.9956076134699852,NORMAL,,MR,2019,,,,,,,,,,,,,,,5.8,162,35.0,28.0,37.0,22.3,225,1.15,7.84,21.4,optimal,clay_loam,S1,1,2,2,3,,,
Kab. Bandung,2020,51200,279500,54.6,5.46,bps_embed,0.9992679355783308,NORMAL,0.37,MR,2020,24.491,24.3,23.986,412.2,1090.2,418.8,1921.2,81.828,1346.71,992.53,,4.576,5.0,,5.8,162,35.0,28.0,37.0,22.3,225,1.15,7.84,21.4,optimal,clay_loam,S1,1,2,2,3,5.44,,0.019999999999999574
Kab. Bandung,2021,50100,273900,54.7,5.470000000000001,bps_embed,1.0010980966325036,NORMAL,0.18,MR,2021,24.212,23.623,23.529,924.2,942.8,278.0,2145.0,84.29,1043.22,799.29,,5.534,5.0,,5.8,162,35.0,28.0,37.0,22.3,225,1.15,7.84,21.4,optimal,clay_loam,S1,1,2,2,3,5.46,5.44,0.010000000000000675
Kab. Bandung,2022,54200,297000,54.8,5.48,bps_embed,1.0029282576866765,NORMAL,0.18,MR,2022,24.215,24.134,23.736,949.9,631.6,305.0,1886.5,83.096,993.82,1008.03,,4.914,5.0,,5.8,162,35.0,28.0,37.0,22.3,225,1.15,7.84,21.4,optimal,clay_loam,S1,1,2,2,3,5.470000000000001,5.46,0.009999999999999787
Kab. Bandung,2023,48500,265300,54.7,5.470000000000001,bps_embed,1.0010980966325036,NORMAL,-0.18,MR,2023,24.046,23.806,23.429,996.1,851.9,360.6,2208.6,84.134,914.84,989.84,,5.885,5.0,,5.8,162,35.0,28.0,37.0,22.3,225,1.15,7.84,21.4,optimal,clay_loam,S1,1,2,2,3,5.48,5.470000000000001,-0.009999999999999787
Kab. Bandung Barat,2019,28000,153500,54.8,5.48,bps_embed,0.9996351696461144,NORMAL,,MG,2019,23.677,23.174,22.994,596.1,49.1,19.1,664.3,74.605,1065.64,1191.51,,1.474,5.0,,5.7,155,37.0,28.0,35.0,21.5,218,1.16,7.45,21.8,optimal,clay_loam,S1,0,2,2,3,,,
Kab. Bandung Barat,2020,27500,150800,54.8,5.48,bps_embed,0.9996351696461144,NORMAL,0.0,MG,2020,23.487,23.04,23.106,582.1,120.4,75.0,777.5,79.04,967.13,1098.98,,1.84,5.0,,5.7,155,37.0,28.0,35.0,21.5,218,1.16,7.45,21.8,optimal,clay_loam,S1,0,2,2,3,5.48,,0.0
Kab. Bandung Barat,2021,27000,148000,54.8,5.48,bps_embed,0.9996351696461144,NORMAL,0.0,MG,2021,23.166,22.543,22.526,458.5,241.5,95.3,795.3,80.173,1085.48,1060.61,,1.969,5.0,,5.7,155,37.0,28.0,35.0,21.5,218,1.16,7.45,21.8,optimal,clay_loam,S1,0,2,2,3,5.48,5.48,0.0
Kab. Bandung Barat,2022,29200,160200,54.9,5.49,bps_embed,1.0014593214155418,NORMAL,0.18,MG,2022,23.027,22.55,22.984,482.1,312.3,120.4,914.8,80.736,1017.91,1007.82,,2.04,5.0,,5.7,155,37.0,28.0,35.0,21.5,218,1.16,7.45,21.8,optimal,clay_loam,S1,0,2,2,3,5.48,5.48,0.009999999999999787
Kab. Bandung Barat,2023,25000,137100,54.8,5.48,bps_embed,0.9996351696461144,NORMAL,-0.18,MG,2023,23.588,22.806,22.726,356.2,178.6,24.8,559.6,78.789,1100.26,1077.3,,1.176,5.0,,5.7,155,37.0,28.0,35.0,21.5,218,1.16,7.45,21.8,optimal,clay_loam,S1,0,2,2,3,5.49,5.48,-0.009999999999999787
Kab. Bandung Barat,2019,28000,153500,54.8,5.48,bps_embed,0.9996351696461144,NORMAL,,MR,2019,,,,,,,,,,,,,,,5.7,155,37.0,28.0,35.0,21.5,218,1.16,7.45,21.8,optimal,clay_loam,S1,1,2,2,3,,,
Kab. Bandung Barat,2020,27500,150800,54.8,5.48,bps_embed,0.9996351696461144,NORMAL,0.0,MR,2020,23.739,22.787,22.376,358.1,1090.6,399.2,1847.9,79.703,1372.29,1009.09,,5.358,5.0,,5.7,155,37.0,28.0,35.0,21.5,218,1.16,7.45,21.8,optimal,clay_loam,S1,1,2,2,3,5.48,,0.0
Kab. Bandung Barat,2021,27000,148000,54.8,5.48,bps_embed,0.9996351696461144,NORMAL,0.0,MR,2021,22.94,22.234,21.929,717.2,766.9,252.9,1737.0,82.562,1093.17,829.52,,4.456,5.0,,5.7,155,37.0,28.0,35.0,21.5,218,1.16,7.45,21.8,optimal,clay_loam,S1,1,2,2,3,5.48,5.48,0.0
Kab. Bandung Barat,2022,29200,160200,54.9,5.49,bps_embed,1.0014593214155418,NORMAL,0.18,MR,2022,23.163,22.729,22.343,678.5,538.3,210.5,1427.3,81.06,1059.86,1024.93,,3.63,5.0,,5.7,155,37.0,28.0,35.0,21.5,218,1.16,7.45,21.8,optimal,clay_loam,S1,1,2,2,3,5.48,5.48,0.009999999999999787
Kab. Bandung Barat,2023,25000,137100,54.8,5.48,bps_embed,0.9996351696461144,NORMAL,-0.18,MR,2023,22.753,22.474,21.957,754.7,663.4,290.9,1709.0,82.201,978.01,1008.14,,4.364,5.0,,5.7,155,37.0,28.0,35.0,21.5,218,1.16,7.45,21.8,optimal,clay_loam,S1,1,2,2,3,5.49,5.48,-0.009999999999999787
Kab. Bekasi,2019,78500,441700,56.3,5.63,bps_embed,1.0,NORMAL,,MG,2019,27.796,27.486,27.242,489.0,32.6,7.0,528.6,73.529,1164.93,1236.35,,1.087,5.0,,6.4,102,46.0,20.0,34.0,13.0,168,1.27,6.6,25.2,optimal,clay,S2,0,1,2,1,,,
Kab. Bekasi,2020,76800,432500,56.3,5.63,bps_embed,1.0,NORMAL,0.0,MG,2020,27.618,27.34,27.442,493.1,79.9,26.8,599.8,77.843,1069.97,1149.63,,1.266,5.0,,6.4,102,46.0,20.0,34.0,13.0,168,1.27,6.6,25.2,optimal,clay,S2,0,1,2,1,5.63,,0.0
Kab. Bekasi,2021,75200,423700,56.3,5.63,bps_embed,1.0,NORMAL,0.0,MG,2021,27.507,26.915,27.145,306.6,208.2,108.3,623.1,78.057,1192.52,1124.9,,1.333,5.0,,6.4,102,46.0,20.0,34.0,13.0,168,1.27,6.6,25.2,optimal,clay,S2,0,1,2,1,5.63,5.63,0.0
Kab. Bekasi,2022,80500,453600,56.3,5.63,bps_embed,1.0,NORMAL,0.0,MG,2022,27.367,26.832,27.219,374.3,273.1,77.8,725.2,78.834,1132.09,1073.56,,1.446,5.0,,6.4,102,46.0,20.0,34.0,13.0,168,1.27,6.6,25.2,optimal,clay,S2,0,1,2,1,5.63,5.63,0.0
Kab. Bekasi,2023,71000,399900,56.3,5.63,bps_embed,1.0,NORMAL,0.0,MG,2023,27.913,27.413,27.387,244.6,142.1,8.9,395.6,75.551,1217.12,1162.43,,0.688,5.0,,6.4,102,46.0,20.0,34.0,13.0,168,1.27,6.6,25.2,optimal,clay,S2,0,1,2,1,5.63,5.63,0.0
Kab. Bekasi,2019,78500,441700,56.3,5.63,bps_embed,1.0,NORMAL,,MR,2019,,,,,,,,,,,,,,,6.4,102,46.0,20.0,34.0,13.0,168,1.27,6.6,25.2,optimal,clay,S2,1,1,2,1,,,
Kab. Bekasi,2020,76800,432500,56.3,5.63,bps_embed,1.0,NORMAL,0.0,MR,2020,28.177,27.076,26.666,206.8,900.0,489.5,1596.3,78.746,1469.39,1129.29,,4.987,5.0,,6.4,102,46.0,20.0,34.0,13.0,168,1.27,6.6,25.2,optimal,clay,S2,1,1,2,1,5.63,,0.0
Kab. Bekasi,2021,75200,423700,56.3,5.63,bps_embed,1.0,NORMAL,0.0,MR,2021,27.434,26.474,26.186,460.9,662.3,445.9,1569.1,80.798,1243.44,938.01,,3.593,5.0,,6.4,102,46.0,20.0,34.0,13.0,168,1.27,6.6,25.2,optimal,clay,S2,1,1,2,1,5.63,5.63,0.0
Kab. Bekasi,2022,80500,453600,56.3,5.63,bps_embed,1.0,NORMAL,0.0,MR,2022,27.405,26.948,26.686,533.2,484.0,226.6,1243.8,79.967,1198.58,1116.39,,2.629,5.0,,6.4,102,46.0,20.0,34.0,13.0,168,1.27,6.6,25.2,optimal,clay,S2,1,1,2,1,5.63,5.63,0.0
Kab. Bekasi,2023,71000,399900,56.3,5.63,bps_embed,1.0,NORMAL,0.0,MR,2023,27.019,26.758,26.246,559.6,501.5,328.6,1389.7,80.188,1140.97,1113.46,,3.048,5.0,,6.4,102,46.0,20.0,34.0,13.0,168,1.27,6.6,25.2,optimal,clay,S2,1,1,2,1,5.63,5.63,0.0
Kab. Bogor,2019,118500,607200,51.2,5.12,bps_embed,0.9964966913195796,NORMAL,,MG,2019,26.655,26.508,26.313,436.5,80.3,43.1,559.9,74.48,1058.7,1141.71,,1.247,5.0,,5.4,148,42.0,28.0,30.0,18.5,195,1.21,6.43,22.8,masam,clay,S2,0,1,1,1,,,
Kab. Bogor,2020,115200,591800,51.4,5.14,bps_embed,1.0003892565200467,NORMAL,0.39,MG,2020,26.444,26.129,26.255,528.3,126.7,88.4,743.4,78.96,955.66,1070.21,,1.629,5.0,,5.4,148,42.0,28.0,30.0,18.5,195,1.21,6.43,22.8,masam,clay,S2,0,1,1,1,5.12,,0.019999999999999574
Kab. Bogor,2021,112800,580500,51.5,5.15,bps_embed,1.0023355391202804,NORMAL,0.19,MG,2021,26.261,25.678,25.674,401.5,229.5,203.7,834.7,79.212,1095.16,1066.94,,1.949,5.0,,5.4,148,42.0,28.0,30.0,18.5,195,1.21,6.43,22.8,masam,clay,S2,0,1,1,1,5.14,5.12,0.010000000000000675
Kab. Bogor,2022,119300,614200,51.5,5.15,bps_embed,1.0023355391202804,NORMAL,0.0,MG,2022,26.042,25.502,25.835,429.5,388.6,133.8,951.9,80.44,1035.9,1010.14,,2.174,5.0,,5.4,148,42.0,28.0,30.0,18.5,195,1.21,6.43,22.8,masam,clay,S2,0,1,1,1,5.15,5.14,0.0
Kab. Bogor,2023,110500,566800,51.3,5.13,bps_embed,0.9984429739198132,NORMAL,-0.39,MG,2023,26.621,26.105,26.352,292.3,226.1,37.2,555.6,77.272,1097.03,1048.09,,1.078,5.0,,5.4,148,42.0,28.0,30.0,18.5,195,1.21,6.43,22.8,masam,clay,S2,0,1,1,1,5.15,5.15,-0.020000000000000462
Kab. Bogor,2019,118500,607200,51.2,5.12,bps_embed,0.9964966913195796,NORMAL,,MR,2019,,,,,,,,,,,,,,,5.4,148,42.0,28.0,30.0,18.5,195,1.21,6.43,22.8,masam,clay,S2,1,1,1,1,,,
Kab. Bogor,2020,115200,591800,51.4,5.14,bps_embed,1.0003892565200467,NORMAL,0.39,MR,2020,26.953,25.848,25.531,241.5,893.4,395.4,1530.3,78.882,1344.19,1011.75,,3.89,5.0,,5.4,148,42.0,28.0,30.0,18.5,195,1.21,6.43,22.8,masam,clay,S2,1,1,1,1,5.12,,0.019999999999999574
Kab. Bogor,2021,112800,580500,51.5,5.15,bps_embed,1.0023355391202804,NORMAL,0.19,MR,2021,26.026,25.203,25.114,568.9,721.4,271.9,1562.2,81.721,1121.87,823.48,,3.843,5.0,,5.4,148,42.0,28.0,30.0,18.5,195,1.21,6.43,22.8,masam,clay,S2,1,1,1,1,5.14,5.12,0.010000000000000675
Kab. Bogor,2022,119300,614200,51.5,5.15,bps_embed,1.0023355391202804,NORMAL,0.0,MR,2022,25.965,25.758,25.364,551.5,480.5,237.0,1269.0,80.762,1078.62,1050.37,,2.836,5.0,,5.4,148,42.0,28.0,30.0,18.5,195,1.21,6.43,22.8,masam,clay,S2,1,1,1,1,5.15,5.14,0.0
Kab. Bogor,2023,110500,566800,51.3,5.13,bps_embed,0.9984429739198132,NORMAL,-0.39,MR,2023,25.725,25.469,24.961,684.4,512.0,277.6,1474.0,81.162,1018.33,992.81,,3.602,5.0,,5.4,148,42.0,28.0,30.0,18.5,195,1.21,6.43,22.8,masam,clay,S2,1,1,1,1,5.15,5.15,-0.020000000000000462
Kab. Ciamis,2019,72000,389200,54.1,5.41,bps_embed,1.0,NORMAL,,MG,2019,27.088,24.141,23.365,405.2,42.7,24.2,472.1,83.288,988.3,965.29,,1.107,5.0,,5.9,150,37.0,28.0,35.0,19.5,208,1.2,7.43,21.8,optimal,clay_loam,S2,0,1,2,3,,,
Kab. Ciamis,2020,70500,381200,54.1,5.41,bps_embed,1.0,NORMAL,0.0,MG,2020,27.214,25.441,24.881,792.6,169.5,68.5,1030.6,85.756,915.36,905.17,,2.659,5.0,,5.9,150,37.0,28.0,35.0,19.5,208,1.2,7.43,21.8,optimal,clay_loam,S2,0,1,2,3,5.41,,0.0
Kab. Ciamis,2021,69200,374500,54.1,5.41,bps_embed,1.0,NORMAL,0.0,MG,2021,26.797,26.017,24.913,372.3,208.9,126.2,707.4,83.684,1048.7,948.95,,1.743,5.0,,5.9,150,37.0,28.0,35.0,19.5,208,1.2,7.43,21.8,optimal,clay_loam,S2,0,1,2,3,5.41,5.41,0.0
Kab. Ciamis,2022,74500,403200,54.1,5.41,bps_embed,1.0,NORMAL,0.0,MG,2022,26.732,25.792,25.281,575.5,309.2,161.2,1045.9,84.584,988.33,892.39,,2.412,5.0,,5.9,150,37.0,28.0,35.0,19.5,208,1.2,7.43,21.8,optimal,clay_loam,S2,0,1,2,3,5.41,5.41,0.0
Kab. Ciamis,2023,65000,351500,54.1,5.41,bps_embed,1.0,NORMAL,0.0,MG,2023,26.857,24.992,23.552,404.1,237.3,26.6,668.0,85.313,1010.46,856.77,,1.74,5.0,,5.9,150,37.0,28.0,35.0,19.5,208,1.2,7.43,21.8,optimal,clay_loam,S2,0,1,2,3,5.41,5.41,0.0
Kab. Ciamis,2019,72000,389200,54.1,5.41,bps_embed,1.0,NORMAL,,MR,2019,,,,,,,,,,,,,,,5.9,150,37.0,28.0,35.0,19.5,208,1.2,7.43,21.8,optimal,clay_loam,S2,1,1,2,3,,,
Kab. Ciamis,2020,70500,381200,54.1,5.41,bps_embed,1.0,NORMAL,0.0,MR,2020,25.864,26.835,26.631,149.0,813.3,618.2,1580.5,82.938,1218.54,1026.47,,3.664,5.0,,5.9,150,37.0,28.0,35.0,19.5,208,1.2,7.43,21.8,optimal,clay_loam,S2,1,1,2,3,5.41,,0.0
Kab. Ciamis,2021,69200,374500,54.1,5.41,bps_embed,1.0,NORMAL,0.0,MR,2021,26.014,26.181,26.264,624.1,1214.4,305.7,2144.2,85.263,962.18,815.96,,5.2,5.0,,5.9,150,37.0,28.0,35.0,19.5,208,1.2,7.43,21.8,optimal,clay_loam,S2,1,1,2,3,5.41,5.41,0.0
Kab. Ciamis,2022,74500,403200,54.1,5.41,bps_embed,1.0,NORMAL,0.0,MR,2022,25.944,26.516,26.329,952.9,833.6,426.4,2212.9,84.429,931.8,992.12,,6.192,5.0,,5.9,150,37.0,28.0,35.0,19.5,208,1.2,7.43,21.8,optimal,clay_loam,S2,1,1,2,3,5.41,5.41,0.0
Kab. Ciamis,2023,65000,351500,54.1,5.41,bps_embed,1.0,NORMAL,0.0,MR,2023,25.951,26.226,26.207,1191.0,943.2,514.5,2648.7,84.695,844.84,962.91,,6.819,5.0,,5.9,150,37.0,28.0,35.0,19.5,208,1.2,7.43,21.8,optimal,clay_loam,S2,1,1,2,3,5.41,5.41,0.0
Kab. Cianjur,2019,142000,754600,53.1,5.3100000000000005,bps_embed,0.9966216216216216,NORMAL,,MG,2019,25.645,25.446,25.465,479.5,29.3,16.1,524.9,73.957,1067.35,1177.74,,1.217,5.0,,5.6,155,40.0,25.0,35.0,20.1,210,1.18,7.1,23.0,optimal,clay,S1,0,2,2,1,,,
Kab. Cianjur,2020,139500,742800,53.3,5.33,bps_embed,1.0003753753753752,NORMAL,0.38,MG,2020,25.406,25.002,25.274,474.5,90.6,51.1,616.2,79.239,960.08,1090.1,,1.438,5.0,,5.6,155,40.0,25.0,35.0,20.1,210,1.18,7.1,23.0,optimal,clay,S1,0,2,2,1,5.3100000000000005,,0.019999999999999574
Kab. Cianjur,2021,136800,729000,53.3,5.33,bps_embed,1.0003753753753752,NORMAL,0.0,MG,2021,25.158,24.708,25.129,437.9,154.1,77.3,669.3,78.629,1089.47,1064.42,,1.584,5.0,,5.6,155,40.0,25.0,35.0,20.1,210,1.18,7.1,23.0,optimal,clay,S1,0,2,2,1,5.33,5.3100000000000005,0.0
Kab. Cianjur,2022,145200,775000,53.4,5.34,bps_embed,1.002252252252252,NORMAL,0.19,MG,2022,24.942,24.498,25.287,383.1,224.6,66.2,673.9,80.301,1021.36,1010.18,,1.482,5.0,,5.6,155,40.0,25.0,35.0,20.1,210,1.18,7.1,23.0,optimal,clay,S1,0,2,2,1,5.33,5.33,0.009999999999999787
Kab. Cianjur,2023,132000,703200,53.3,5.33,bps_embed,1.0003753753753752,NORMAL,-0.19,MG,2023,25.58,25.023,25.242,298.2,130.1,9.7,438.0,77.47,1101.26,1064.29,,0.895,5.0,,5.6,155,40.0,25.0,35.0,20.1,210,1.18,7.1,23.0,optimal,clay,S1,0,2,2,1,5.34,5.33,-0.009999999999999787
Kab. Cianjur,2019,142000,754600,53.1,5.3100000000000005,bps_embed,0.9966216216216216,NORMAL,,MR,2019,,,,,,,,,,,,,,,5.6,155,40.0,25.0,35.0,20.1,210,1.18,7.1,23.0,optimal,clay,S1,1,2,2,1,,,
Kab. Cianjur,2020,139500,742800,53.3,5.33,bps_embed,1.0003753753753752,NORMAL,0.38,MR,2020,26.189,24.771,24.379,209.8,886.1,359.3,1455.2,78.264,1361.0,1013.8,,3.974,5.0,,5.6,155,40.0,25.0,35.0,20.1,210,1.18,7.1,23.0,optimal,clay,S1,1,2,2,1,5.3100000000000005,,0.019999999999999574
Kab. Cianjur,2021,136800,729000,53.3,5.33,bps_embed,1.0003753753753752,NORMAL,0.0,MR,2021,24.797,24.115,23.939,573.2,699.9,215.0,1488.1,82.997,1095.66,827.43,,3.75,5.0,,5.6,155,40.0,25.0,35.0,20.1,210,1.18,7.1,23.0,optimal,clay,S1,1,2,2,1,5.33,5.3100000000000005,0.0
Kab. Cianjur,2022,145200,775000,53.4,5.34,bps_embed,1.002252252252252,NORMAL,0.19,MR,2022,25.234,24.671,24.243,537.4,391.6,215.2,1144.2,80.745,1060.91,1037.31,,2.871,5.0,,5.6,155,40.0,25.0,35.0,20.1,210,1.18,7.1,23.0,optimal,clay,S1,1,2,2,1,5.33,5.33,0.009999999999999787
Kab. Cianjur,2023,132000,703200,53.3,5.33,bps_embed,1.0003753753753752,NORMAL,-0.19,MR,2023,24.689,24.379,23.825,661.0,503.0,279.9,1443.9,82.116,985.89,1002.02,,3.684,5.0,,5.6,155,40.0,25.0,35.0,20.1,210,1.18,7.1,23.0,optimal,clay,S1,1,2,2,1,5.34,5.33,-0.009999999999999787
Kab. Cirebon,2019,92000,514600,55.9,5.59,bps_embed,0.9989278055754108,NORMAL,,MG,2019,28.23,27.179,26.519,338.3,2.3,2.4,343.0,72.153,1096.52,1192.45,,0.731,5.0,,6.9,95,44.0,22.0,34.0,11.8,158,1.3,5.82,24.4,optimal,clay,S2,0,1,2,1,,,
Kab. Cirebon,2020,89500,500500,55.9,5.59,bps_embed,0.9989278055754108,NORMAL,0.0,MG,2020,28.141,27.712,27.623,484.4,32.2,15.5,532.1,76.643,1024.91,1123.42,,1.162,5.0,,6.9,95,44.0,22.0,34.0,11.8,158,1.3,5.82,24.4,optimal,clay,S2,0,1,2,1,5.59,,0.0
Kab. Cirebon,2021,87800,491800,56.0,5.6,bps_embed,1.0007147962830591,NORMAL,0.18,MG,2021,27.993,27.764,27.89,171.7,96.3,12.1,280.1,75.695,1151.08,1065.99,,0.617,5.0,,6.9,95,44.0,22.0,34.0,11.8,158,1.3,5.82,24.4,optimal,clay,S2,0,1,2,1,5.59,5.59,0.009999999999999787
Kab. Cirebon,2022,94200,528000,56.0,5.6,bps_embed,1.0007147962830591,NORMAL,0.0,MG,2022,27.895,27.491,27.774,330.8,167.5,52.6,550.9,77.307,1072.74,1036.04,,1.22,5.0,,6.9,95,44.0,22.0,34.0,11.8,158,1.3,5.82,24.4,optimal,clay,S2,0,1,2,1,5.6,5.59,0.0
Kab. Cirebon,2023,83000,464800,56.0,5.6,bps_embed,1.0007147962830591,NORMAL,0.0,MG,2023,28.106,27.629,26.881,240.4,41.4,2.2,284.0,73.917,1143.34,1110.34,,0.568,5.0,,6.9,95,44.0,22.0,34.0,11.8,158,1.3,5.82,24.4,optimal,clay,S2,0,1,2,1,5.6,5.6,0.0
Kab. Cirebon,2019,92000,514600,55.9,5.59,bps_embed,0.9989278055754108,NORMAL,,MR,2019,,,,,,,,,,,,,,,6.9,95,44.0,22.0,34.0,11.8,158,1.3,5.82,24.4,optimal,clay,S2,1,1,2,1,,,
Kab. Cirebon,2020,89500,500500,55.9,5.59,bps_embed,0.9989278055754108,NORMAL,0.0,MR,2020,28.673,27.745,27.276,54.0,710.4,453.4,1217.8,76.475,1414.66,1105.97,,2.939,5.0,,6.9,95,44.0,22.0,34.0,11.8,158,1.3,5.82,24.4,optimal,clay,S2,1,1,2,1,5.59,,0.0
Kab. Cirebon,2021,87800,491800,56.0,5.6,bps_embed,1.0007147962830591,NORMAL,0.18,MR,2021,27.943,26.895,26.589,282.4,843.4,300.9,1426.7,81.08,1201.53,875.35,,3.434,5.0,,6.9,95,44.0,22.0,34.0,11.8,158,1.3,5.82,24.4,optimal,clay,S2,1,1,2,1,5.59,5.59,0.009999999999999787
Kab. Cirebon,2022,94200,528000,56.0,5.6,bps_embed,1.0007147962830591,NORMAL,0.0,MR,2022,27.938,27.294,27.043,498.5,695.0,239.2,1432.7,79.794,1119.85,1045.92,,3.435,5.0,,6.9,95,44.0,22.0,34.0,11.8,158,1.3,5.82,24.4,optimal,clay,S2,1,1,2,1,5.6,5.59,0.0
Kab. Cirebon,2023,83000,464800,56.0,5.6,bps_embed,1.0007147962830591,NORMAL,0.0,MR,2023,27.326,27.155,26.843,589.1,676.8,381.5,1647.4,81.324,1030.02,1054.8,,3.708,5.0,,6.9,95,44.0,22.0,34.0,11.8,158,1.3,5.82,24.4,optimal,clay,S2,1,1,2,1,5.6,5.6,0.0
Kab. Garut,2019,148000,784400,53.0,5.3,bps_embed,0.998869204673954,NORMAL,,MG,2019,24.012,21.647,20.874,370.0,16.7,10.1,396.8,80.126,1004.7,1044.33,,0.934,5.0,,5.5,145,44.0,22.0,34.0,19.8,205,1.19,6.72,24.4,optimal,clay,S2,0,1,2,1,,,
Kab. Garut,2020,145200,769200,53.0,5.3,bps_embed,0.998869204673954,NORMAL,0.0,MG,2020,24.05,22.522,22.216,875.9,85.4,45.3,1006.6,83.691,906.16,954.56,,2.663,5.0,,5.5,145,44.0,22.0,34.0,19.8,205,1.19,6.72,24.4,optimal,clay,S2,0,1,2,1,5.3,,0.0
Kab. Garut,2021,142500,756200,53.1,5.3100000000000005,bps_embed,1.0007538635506974,NORMAL,0.19,MG,2021,23.658,22.882,22.016,512.2,164.2,80.1,756.5,82.112,1046.02,971.89,,2.086,5.0,,5.5,145,44.0,22.0,34.0,19.8,205,1.19,6.72,24.4,optimal,clay,S2,0,1,2,1,5.3,5.3,0.010000000000000675
Kab. Garut,2022,150800,801200,53.1,5.3100000000000005,bps_embed,1.0007538635506974,NORMAL,0.0,MG,2022,23.568,22.775,22.616,522.3,201.8,104.5,828.6,82.897,965.97,914.64,,2.017,5.0,,5.5,145,44.0,22.0,34.0,19.8,205,1.19,6.72,24.4,optimal,clay,S2,0,1,2,1,5.3100000000000005,5.3,0.0
Kab. Garut,2023,138000,732600,53.1,5.3100000000000005,bps_embed,1.0007538635506974,NORMAL,0.0,MG,2023,23.736,22.092,20.968,438.1,224.3,14.0,676.4,83.456,1018.36,914.45,,1.89,5.0,,5.5,145,44.0,22.0,34.0,19.8,205,1.19,6.72,24.4,optimal,clay,S2,0,1,2,1,5.3100000000000005,5.3100000000000005,0.0
Kab. Garut,2019,148000,784400,53.0,5.3,bps_embed,0.998869204673954,NORMAL,,MR,2019,,,,,,,,,,,,,,,5.5,145,44.0,22.0,34.0,19.8,205,1.19,6.72,24.4,optimal,clay,S2,1,1,2,1,,,
Kab. Garut,2020,145200,769200,53.0,5.3,bps_embed,0.998869204673954,NORMAL,0.0,MR,2020,23.207,23.695,23.438,151.1,798.2,688.5,1637.8,81.47,1257.69,1005.87,,4.085,5.0,,5.5,145,44.0,22.0,34.0,19.8,205,1.19,6.72,24.4,optimal,clay,S2,1,1,2,1,5.3,,0.0
Kab. Garut,2021,142500,756200,53.1,5.3100000000000005,bps_embed,1.0007538635506974,NORMAL,0.19,MR,2021,23.05,23.056,23.093,499.0,1195.3,365.1,2059.4,84.391,970.71,798.32,,5.415,5.0,,5.5,145,44.0,22.0,34.0,19.8,205,1.19,6.72,24.4,optimal,clay,S2,1,1,2,1,5.3,5.3,0.010000000000000675
Kab. Garut,2022,150800,801200,53.1,5.3100000000000005,bps_embed,1.0007538635506974,NORMAL,0.0,MR,2022,23.015,23.385,23.093,987.3,853.2,483.0,2323.5,83.412,930.23,986.66,,6.558,5.0,,5.5,145,44.0,22.0,34.0,19.8,205,1.19,6.72,24.4,optimal,clay,S2,1,1,2,1,5.3100000000000005,5.3,0.0
Kab. Garut,2023,138000,732600,53.1,5.3100000000000005,bps_embed,1.0007538635506974,NORMAL,0.0,MR,2023,22.958,23.119,22.975,1182.7,986.2,522.8,2691.7,84.054,843.15,964.2,,7.654,5.0,,5.5,145,44.0,22.0,34.0,19.8,205,1.19,6.72,24.4,optimal,clay,S2,1,1,2,1,5.3100000000000005,5.3100000000000005,0.0
Kab. Indramayu,2019,221000,1281800,58.0,5.8,bps_embed,0.9979353062629044,NORMAL,,MG,2019,28.67,28.301,27.981,402.1,2.6,1.2,405.9,66.147,1117.81,1264.5,,0.828,5.0,,6.8,98,48.0,18.0,34.0,12.5,165,1.28,6.13,26.0,optimal,clay,S1,0,2,2,1,,,
Kab. Indramayu,2020,215800,1252500,58.0,5.8,bps_embed,0.9979353062629044,NORMAL,0.0,MG,2020,28.431,28.427,28.79,475.4,22.0,14.5,511.9,72.597,1045.77,1178.67,,1.078,5.0,,6.8,98,48.0,18.0,34.0,12.5,165,1.28,6.13,26.0,optimal,clay,S1,0,2,2,1,5.8,,0.0
Kab. Indramayu,2021,211200,1228500,58.2,5.82,bps_embed,1.001376462491397,NORMAL,0.34,MG,2021,28.467,28.198,29.248,204.4,108.5,14.1,327.0,71.245,1172.21,1094.04,,0.707,5.0,,6.8,98,48.0,18.0,34.0,12.5,165,1.28,6.13,26.0,optimal,clay,S1,0,2,2,1,5.8,5.8,0.020000000000000462
Kab. Indramayu,2022,225500,1312000,58.2,5.82,bps_embed,1.001376462491397,NORMAL,0.0,MG,2022,28.019,27.617,28.765,415.7,173.9,47.0,636.6,75.182,1094.02,1067.31,,1.325,5.0,,6.8,98,48.0,18.0,34.0,12.5,165,1.28,6.13,26.0,optimal,clay,S1,0,2,2,1,5.82,5.8,0.0
Kab. Indramayu,2023,205000,1193000,58.2,5.82,bps_embed,1.001376462491397,NORMAL,0.0,MG,2023,28.667,28.789,28.348,226.4,49.1,0.6,276.1,67.907,1181.56,1183.73,,0.487,5.0,,6.8,98,48.0,18.0,34.0,12.5,165,1.28,6.13,26.0,optimal,clay,S1,0,2,2,1,5.82,5.82,0.0
Kab. Indramayu,2019,221000,1281800,58.0,5.8,bps_embed,0.9979353062629044,NORMAL,,MR,2019,,,,,,,,,,,,,,,6.8,98,48.0,18.0,34.0,12.5,165,1.28,6.13,26.0,optimal,clay,S1,1,2,2,1,,,
Kab. Indramayu,2020,215800,1252500,58.0,5.8,bps_embed,0.9979353062629044,NORMAL,0.0,MR,2020,30.282,28.118,27.255,63.3,606.9,397.8,1068.0,71.036,1479.72,1108.37,,2.435,5.0,,6.8,98,48.0,18.0,34.0,12.5,165,1.28,6.13,26.0,optimal,clay,S1,1,2,2,1,5.8,,0.0
Kab. Indramayu,2021,211200,1228500,58.2,5.82,bps_embed,1.001376462491397,NORMAL,0.34,MR,2021,29.26,27.079,26.646,271.4,678.9,286.5,1236.8,76.503,1252.37,901.29,,2.871,5.0,,6.8,98,48.0,18.0,34.0,12.5,165,1.28,6.13,26.0,optimal,clay,S1,1,2,2,1,5.8,5.8,0.020000000000000462
Kab. Indramayu,2022,225500,1312000,58.2,5.82,bps_embed,1.001376462491397,NORMAL,0.0,MR,2022,28.68,27.553,27.179,542.6,529.4,199.2,1271.2,76.975,1171.58,1064.13,,2.877,5.0,,6.8,98,48.0,18.0,34.0,12.5,165,1.28,6.13,26.0,optimal,clay,S1,1,2,2,1,5.82,5.8,0.0
Kab. Indramayu,2023,205000,1193000,58.2,5.82,bps_embed,1.001376462491397,NORMAL,0.0,MR,2023,28.01,27.358,26.882,504.8,576.5,262.7,1344.0,78.63,1091.97,1080.01,,2.829,5.0,,6.8,98,48.0,18.0,34.0,12.5,165,1.28,6.13,26.0,optimal,clay,S1,1,2,2,1,5.82,5.82,0.0
Kab. Karawang,2019,195000,1141700,58.5,5.85,bps_embed,0.9989754098360656,NORMAL,,MG,2019,27.973,27.667,27.413,489.0,32.6,7.0,528.6,73.552,1164.93,1236.35,,1.083,5.0,,6.6,105,46.0,19.0,35.0,13.8,172,1.26,6.76,25.4,optimal,clay,S1,0,2,2,1,,,
Kab. Karawang,2020,190500,1115000,58.5,5.85,bps_embed,0.9989754098360656,NORMAL,0.0,MG,2020,27.808,27.519,27.626,493.1,79.9,26.8,599.8,77.869,1069.97,1149.63,,1.262,5.0,,6.6,105,46.0,19.0,35.0,13.8,172,1.26,6.76,25.4,optimal,clay,S1,0,2,2,1,5.85,,0.0
Kab. Karawang,2021,186800,1094500,58.6,5.86,bps_embed,1.0006830601092898,NORMAL,0.17,MG,2021,27.694,27.094,27.332,306.6,208.2,108.3,623.1,78.064,1192.52,1124.9,,1.328,5.0,,6.6,105,46.0,19.0,35.0,13.8,172,1.26,6.76,25.4,optimal,clay,S1,0,2,2,1,5.85,5.85,0.010000000000000675
Kab. Karawang,2022,198500,1164000,58.6,5.86,bps_embed,1.0006830601092898,NORMAL,0.0,MG,2022,27.55,27.014,27.406,374.3,273.1,77.8,725.2,78.863,1132.09,1073.56,,1.441,5.0,,6.6,105,46.0,19.0,35.0,13.8,172,1.26,6.76,25.4,optimal,clay,S1,0,2,2,1,5.86,5.85,0.0
Kab. Karawang,2023,178000,1042800,58.6,5.86,bps_embed,1.0006830601092898,NORMAL,0.0,MG,2023,28.088,27.593,27.561,244.6,142.1,8.9,395.6,75.568,1217.12,1162.43,,0.685,5.0,,6.6,105,46.0,19.0,35.0,13.8,172,1.26,6.76,25.4,optimal,clay,S1,0,2,2,1,5.86,5.86,0.0
Kab. Karawang,2019,195000,1141700,58.5,5.85,bps_embed,0.9989754098360656,NORMAL,,MR,2019,,,,,,,,,,,,,,,6.6,105,46.0,19.0,35.0,13.8,172,1.26,6.76,25.4,optimal,clay,S1,1,2,2,1,,,
Kab. Karawang,2020,190500,1115000,58.5,5.85,bps_embed,0.9989754098360656,NORMAL,0.0,MR,2020,28.363,27.255,26.845,206.8,900.0,489.5,1596.3,78.759,1469.39,1129.29,,4.978,5.0,,6.6,105,46.0,19.0,35.0,13.8,172,1.26,6.76,25.4,optimal,clay,S1,1,2,2,1,5.85,,0.0
Kab. Karawang,2021,186800,1094500,58.6,5.86,bps_embed,1.0006830601092898,NORMAL,0.17,MR,2021,27.608,26.658,26.375,460.9,662.3,445.9,1569.1,80.821,1243.44,938.01,,3.58,5.0,,6.6,105,46.0,19.0,35.0,13.8,172,1.26,6.76,25.4,optimal,clay,S1,1,2,2,1,5.85,5.85,0.010000000000000675
Kab. Karawang,2022,198500,1164000,58.6,5.86,bps_embed,1.0006830601092898,NORMAL,0.0,MR,2022,27.59,27.134,26.861,533.2,484.0,226.6,1243.8,79.98,1198.58,1116.39,,2.619,5.0,,6.6,105,46.0,19.0,35.0,13.8,172,1.26,6.76,25.4,optimal,clay,S1,1,2,2,1,5.86,5.85,0.0
Kab. Karawang,2023,178000,1042800,58.6,5.86,bps_embed,1.0006830601092898,NORMAL,0.0,MR,2023,27.197,26.935,26.429,559.6,501.5,328.6,1389.7,80.215,1140.97,1113.46,,3.037,5.0,,6.6,105,46.0,19.0,35.0,13.8,172,1.26,6.76,25.4,optimal,clay,S1,1,2,2,1,5.86,5.86,0.0
Kab. Kuningan,2019,68000,373100,54.9,5.49,bps_embed,0.9989082969432314,NORMAL,,MG,2019,25.165,23.361,22.726,405.1,7.2,1.9,414.2,74.318,1045.98,1088.44,,0.903,5.0,,5.8,152,36.0,30.0,34.0,20.5,212,1.18,7.43,21.2,optimal,clay_loam,S1,0,2,2,3,,,
Kab. Kuningan,2020,66500,365000,54.9,5.49,bps_embed,0.9989082969432314,NORMAL,0.0,MG,2020,25.118,24.08,23.99,604.5,62.5,26.2,693.2,78.992,973.76,1029.65,,1.651,5.0,,5.8,152,36.0,30.0,34.0,20.5,212,1.18,7.43,21.2,optimal,clay_loam,S1,0,2,2,3,5.49,,0.0
Kab. Kuningan,2021,65200,358100,55.0,5.5,bps_embed,1.0007278020378456,NORMAL,0.18,MG,2021,24.889,24.586,24.245,269.6,108.5,29.7,407.8,76.667,1101.24,1015.93,,0.974,5.0,,5.8,152,36.0,30.0,34.0,20.5,212,1.18,7.43,21.2,optimal,clay_loam,S1,0,2,2,3,5.49,5.49,0.009999999999999787
Kab. Kuningan,2022,70000,385000,55.0,5.5,bps_embed,1.0007278020378456,NORMAL,0.0,MG,2022,24.647,24.099,24.197,451.2,198.6,99.2,749.0,79.349,1034.17,972.53,,1.729,5.0,,5.8,152,36.0,30.0,34.0,20.5,212,1.18,7.43,21.2,optimal,clay_loam,S1,0,2,2,3,5.5,5.49,0.0
Kab. Kuningan,2023,62000,341000,55.0,5.5,bps_embed,1.0007278020378456,NORMAL,0.0,MG,2023,24.929,23.932,22.994,353.6,73.7,3.9,431.2,76.786,1081.98,997.62,,0.996,5.0,,5.8,152,36.0,30.0,34.0,20.5,212,1.18,7.43,21.2,optimal,clay_loam,S1,0,2,2,3,5.5,5.5,0.0
Kab. Kuningan,2019,68000,373100,54.9,5.49,bps_embed,0.9989082969432314,NORMAL,,MR,2019,,,,,,,,,,,,,,,5.8,152,36.0,30.0,34.0,20.5,212,1.18,7.43,21.2,optimal,clay_loam,S1,1,2,2,3,,,
Kab. Kuningan,2020,66500,365000,54.9,5.49,bps_embed,0.9989082969432314,NORMAL,0.0,MR,2020,25.319,24.811,24.303,89.0,913.6,567.5,1570.1,76.687,1315.05,1063.56,,4.002,5.0,,5.8,152,36.0,30.0,34.0,20.5,212,1.18,7.43,21.2,optimal,clay_loam,S1,1,2,2,3,5.49,,0.0
Kab. Kuningan,2021,65200,358100,55.0,5.5,bps_embed,1.0007278020378456,NORMAL,0.18,MR,2021,24.491,23.835,23.764,431.6,1214.4,327.6,1973.6,82.446,1091.07,842.75,,4.836,5.0,,5.8,152,36.0,30.0,34.0,20.5,212,1.18,7.43,21.2,optimal,clay_loam,S1,1,2,2,3,5.49,5.49,0.009999999999999787
Kab. Kuningan,2022,70000,385000,55.0,5.5,bps_embed,1.0007278020378456,NORMAL,0.0,MR,2022,24.478,24.261,23.971,705.7,952.4,378.2,2036.3,81.11,1027.29,1014.4,,5.323,5.0,,5.8,152,36.0,30.0,34.0,20.5,212,1.18,7.43,21.2,optimal,clay_loam,S1,1,2,2,3,5.5,5.49,0.0
Kab. Kuningan,2023,62000,341000,55.0,5.5,bps_embed,1.0007278020378456,NORMAL,0.0,MR,2023,24.022,24.045,23.868,863.5,887.1,582.8,2333.4,82.731,940.53,1008.63,,5.714,5.0,,5.8,152,36.0,30.0,34.0,20.5,212,1.18,7.43,21.2,optimal,clay_loam,S1,1,2,2,3,5.5,5.5,0.0
Kab. Majalengka,2019,88000,491700,55.9,5.59,bps_embed,0.9989278055754108,NORMAL,,MG,2019,27.785,27.061,26.655,485.9,3.3,2.8,492.0,69.111,1067.52,1193.44,,1.071,5.0,,6.2,125,40.0,25.0,35.0,15.5,185,1.22,6.98,23.0,optimal,clay,S2,0,1,2,1,,,
Kab. Majalengka,2020,86200,482200,55.9,5.59,bps_embed,0.9989278055754108,NORMAL,0.0,MG,2020,27.566,27.227,27.526,629.3,59.5,30.7,719.5,75.827,1000.81,1115.49,,1.555,5.0,,6.2,125,40.0,25.0,35.0,15.5,185,1.22,6.98,23.0,optimal,clay,S2,0,1,2,1,5.59,,0.0
Kab. Majalengka,2021,84500,473000,56.0,5.6,bps_embed,1.0007147962830591,NORMAL,0.18,MG,2021,27.421,27.137,27.771,270.9,136.8,26.5,434.2,74.639,1121.41,1056.74,,1.007,5.0,,6.2,125,40.0,25.0,35.0,15.5,185,1.22,6.98,23.0,optimal,clay,S2,0,1,2,1,5.59,5.59,0.009999999999999787
Kab. Majalengka,2022,90500,507000,56.0,5.6,bps_embed,1.0007147962830591,NORMAL,0.0,MG,2022,27.112,26.69,27.468,514.9,262.7,84.0,861.6,77.714,1054.98,1023.44,,1.832,5.0,,6.2,125,40.0,25.0,35.0,15.5,185,1.22,6.98,23.0,optimal,clay,S2,0,1,2,1,5.6,5.59,0.0
Kab. Majalengka,2023,80000,447800,56.0,5.6,bps_embed,1.0007147962830591,NORMAL,0.0,MG,2023,27.635,27.418,26.923,312.0,66.6,3.8,382.4,71.842,1118.45,1096.12,,0.759,5.0,,6.2,125,40.0,25.0,35.0,15.5,185,1.22,6.98,23.0,optimal,clay,S2,0,1,2,1,5.6,5.6,0.0
Kab. Majalengka,2019,88000,491700,55.9,5.59,bps_embed,0.9989278055754108,NORMAL,,MR,2019,,,,,,,,,,,,,,,6.2,125,40.0,25.0,35.0,15.5,185,1.22,6.98,23.0,optimal,clay,S2,1,1,2,1,,,
Kab. Majalengka,2020,86200,482200,55.9,5.59,bps_embed,0.9989278055754108,NORMAL,0.0,MR,2020,29.149,27.152,26.472,94.9,958.9,507.9,1561.7,73.372,1398.44,1060.13,,3.844,5.0,,6.2,125,40.0,25.0,35.0,15.5,185,1.22,6.98,23.0,optimal,clay,S2,1,1,2,1,5.59,,0.0
Kab. Majalengka,2021,84500,473000,56.0,5.6,bps_embed,1.0007147962830591,NORMAL,0.18,MR,2021,27.797,26.19,25.868,481.2,953.8,295.9,1730.9,79.89,1166.11,861.41,,4.091,5.0,,6.2,125,40.0,25.0,35.0,15.5,185,1.22,6.98,23.0,optimal,clay,S2,1,1,2,1,5.59,5.59,0.009999999999999787
Kab. Majalengka,2022,90500,507000,56.0,5.6,bps_embed,1.0007147962830591,NORMAL,0.0,MR,2022,27.647,26.697,26.271,701.2,722.2,275.3,1698.7,78.858,1091.27,1030.59,,4.012,5.0,,6.2,125,40.0,25.0,35.0,15.5,185,1.22,6.98,23.0,optimal,clay,S2,1,1,2,1,5.6,5.59,0.0
Kab. Majalengka,2023,80000,447800,56.0,5.6,bps_embed,1.0007147962830591,NORMAL,0.0,MR,2023,26.908,26.44,26.046,747.2,829.5,373.3,1950.0,81.125,1003.65,1025.89,,4.328,5.0,,6.2,125,40.0,25.0,35.0,15.5,185,1.22,6.98,23.0,optimal,clay,S2,1,1,2,1,5.6,5.6,0.0
Kab. Pangandaran,2019,42000,226400,53.9,5.39,bps_embed,1.0,NORMAL,,MG,2019,27.657,24.898,24.135,232.4,14.8,7.4,254.6,80.833,1038.11,1010.04,,0.537,5.0,,6.0,128,38.0,30.0,32.0,16.8,185,1.22,6.87,21.6,optimal,clay_loam,S2,0,1,2,3,,,
Kab. Pangandaran,2020,41200,222000,53.9,5.39,bps_embed,1.0,NORMAL,0.0,MG,2020,27.804,26.075,25.587,634.0,150.9,25.6,810.5,83.566,944.13,943.27,,2.19,5.0,,6.0,128,38.0,30.0,32.0,16.8,185,1.22,6.87,21.6,optimal,clay_loam,S2,0,1,2,3,5.39,,0.0
Kab. Pangandaran,2021,40500,218400,53.9,5.39,bps_embed,1.0,NORMAL,0.0,MG,2021,27.394,26.478,25.497,222.3,246.0,82.4,550.7,83.287,1084.95,972.94,,1.323,5.0,,6.0,128,38.0,30.0,32.0,16.8,185,1.22,6.87,21.6,optimal,clay_loam,S2,0,1,2,3,5.39,5.39,0.0
Kab. Pangandaran,2022,43800,236200,53.9,5.39,bps_embed,1.0,NORMAL,0.0,MG,2022,27.395,26.389,25.871,460.3,424.8,117.1,1002.2,83.417,1017.69,915.98,,2.543,5.0,,6.0,128,38.0,30.0,32.0,16.8,185,1.22,6.87,21.6,optimal,clay_loam,S2,0,1,2,3,5.39,5.39,0.0
Kab. Pangandaran,2023,38000,204800,53.9,5.39,bps_embed,1.0,NORMAL,0.0,MG,2023,27.429,25.619,24.203,342.3,259.7,10.2,612.2,83.236,1049.26,915.9,,1.628,5.0,,6.0,128,38.0,30.0,32.0,16.8,185,1.22,6.87,21.6,optimal,clay_loam,S2,0,1,2,3,5.39,5.39,0.0
Kab. Pangandaran,2019,42000,226400,53.9,5.39,bps_embed,1.0,NORMAL,,MR,2019,,,,,,,,,,,,,,,6.0,128,38.0,30.0,32.0,16.8,185,1.22,6.87,21.6,optimal,clay_loam,S2,1,1,2,3,,,
Kab. Pangandaran,2020,41200,222000,53.9,5.39,bps_embed,1.0,NORMAL,0.0,MR,2020,26.363,27.602,27.424,136.0,507.4,396.7,1040.1,81.474,1244.26,1088.83,,2.52,5.0,,6.0,128,38.0,30.0,32.0,16.8,185,1.22,6.87,21.6,optimal,clay_loam,S2,1,1,2,3,5.39,,0.0
Kab. Pangandaran,2021,40500,218400,53.9,5.39,bps_embed,1.0,NORMAL,0.0,MR,2021,26.552,26.826,27.029,565.2,811.1,239.3,1615.6,83.638,1009.45,837.59,,4.043,5.0,,6.0,128,38.0,30.0,32.0,16.8,185,1.22,6.87,21.6,optimal,clay_loam,S2,1,1,2,3,5.39,5.39,0.0
Kab. Pangandaran,2022,43800,236200,53.9,5.39,bps_embed,1.0,NORMAL,0.0,MR,2022,26.499,27.173,27.157,918.0,678.6,280.3,1876.9,82.7,945.85,1014.53,,6.48,5.0,,6.0,128,38.0,30.0,32.0,16.8,185,1.22,6.87,21.6,optimal,clay_loam,S2,1,1,2,3,5.39,5.39,0.0
Kab. Pangandaran,2023,38000,204800,53.9,5.39,bps_embed,1.0,NORMAL,0.0,MR,2023,26.432,26.911,26.971,971.9,508.4,347.3,1827.6,83.363,874.8,1008.04,,5.216,5.0,,6.0,128,38.0,30.0,32.0,16.8,185,1.22,6.87,21.6,optimal,clay_loam,S2,1,1,2,3,5.39,5.39,0.0
Kab. Purwakarta,2019,38500,201800,52.4,5.24,bps_embed,0.9992372234935164,NORMAL,,MG,2019,28.093,27.888,27.629,467.1,24.8,5.6,497.5,72.958,1109.23,1215.3,,1.093,5.0,,5.5,138,38.0,30.0,32.0,17.2,190,1.23,6.26,21.6,optimal,clay_loam,S2,0,1,2,3,,,
Kab. Purwakarta,2020,37800,198200,52.4,5.24,bps_embed,0.9992372234935164,NORMAL,0.0,MG,2020,27.869,27.562,27.858,502.9,58.1,34.1,595.1,77.725,1022.45,1129.46,,1.353,5.0,,5.5,138,38.0,30.0,32.0,17.2,190,1.23,6.26,21.6,optimal,clay_loam,S2,0,1,2,3,5.24,,0.0
Kab. Purwakarta,2021,37100,194500,52.4,5.24,bps_embed,0.9992372234935164,NORMAL,0.0,MG,2021,27.652,27.026,27.248,303.5,185.6,75.5,564.6,78.712,1134.97,1090.63,,1.248,5.0,,5.5,138,38.0,30.0,32.0,17.2,190,1.23,6.26,21.6,optimal,clay_loam,S2,0,1,2,3,5.24,5.24,0.0
Kab. Purwakarta,2022,39800,208900,52.5,5.25,bps_embed,1.0011441647597257,NORMAL,0.19,MG,2022,27.451,26.929,27.452,364.3,230.3,69.9,664.5,79.894,1074.22,1040.57,,1.36,5.0,,5.5,138,38.0,30.0,32.0,17.2,190,1.23,6.26,21.6,optimal,clay_loam,S2,0,1,2,3,5.24,5.24,0.009999999999999787
Kab. Purwakarta,2023,35000,183700,52.5,5.25,bps_embed,1.0011441647597257,NORMAL,0.0,MG,2023,28.106,27.504,27.661,261.5,115.8,6.9,384.2,75.877,1157.28,1125.21,,0.69,5.0,,5.5,138,38.0,30.0,32.0,17.2,190,1.23,6.26,21.6,optimal,clay_loam,S2,0,1,2,3,5.25,5.24,0.0
Kab. Purwakarta,2019,38500,201800,52.4,5.24,bps_embed,0.9992372234935164,NORMAL,,MR,2019,,,,,,,,,,,,,,,5.5,138,38.0,30.0,32.0,17.2,190,1.23,6.26,21.6,optimal,clay_loam,S2,1,1,2,3,,,
Kab. Purwakarta,2020,37800,198200,52.4,5.24,bps_embed,0.9992372234935164,NORMAL,0.0,MR,2020,28.651,27.218,26.714,212.2,877.8,350.6,1440.6,77.562,1425.51,1064.38,,5.158,5.0,,5.5,138,38.0,30.0,32.0,17.2,190,1.23,6.26,21.6,optimal,clay_loam,S2,1,1,2,3,5.24,,0.0
Kab. Purwakarta,2021,37100,194500,52.4,5.24,bps_embed,0.9992372234935164,NORMAL,0.0,MR,2021,27.568,26.569,26.207,461.4,640.1,277.2,1378.7,81.316,1169.44,883.09,,3.255,5.0,,5.5,138,38.0,30.0,32.0,17.2,190,1.23,6.26,21.6,optimal,clay_loam,S2,1,1,2,3,5.24,5.24,0.0
Kab. Purwakarta,2022,39800,208900,52.5,5.25,bps_embed,1.0011441647597257,NORMAL,0.19,MR,2022,27.769,27.102,26.729,516.4,395.6,173.1,1085.1,79.832,1136.83,1066.04,,2.502,5.0,,5.5,138,38.0,30.0,32.0,17.2,190,1.23,6.26,21.6,optimal,clay_loam,S2,1,1,2,3,5.24,5.24,0.009999999999999787
Kab. Purwakarta,2023,35000,183700,52.5,5.25,bps_embed,1.0011441647597257,NORMAL,0.0,MR,2023,27.209,26.845,26.261,566.3,460.7,255.3,1282.3,80.995,1062.66,1058.67,,2.923,5.0,,5.5,138,38.0,30.0,32.0,17.2,190,1.23,6.26,21.6,optimal,clay_loam,S2,1,1,2,3,5.25,5.24,0.0
Kab. Subang,2019,168000,985100,58.6,5.86,bps_embed,0.9976166155941438,NORMAL,,MG,2019,27.983,27.687,27.406,464.3,12.5,4.0,480.8,70.237,1115.66,1236.89,,0.949,5.0,,6.5,108,45.0,20.0,35.0,14.2,175,1.25,7.03,25.0,optimal,clay,S1,0,2,2,1,,,
Kab. Subang,2020,164500,966000,58.7,5.87,bps_embed,0.9993190330268984,NORMAL,0.17,MG,2020,27.752,27.595,27.919,604.7,52.5,33.0,690.2,75.681,1038.04,1147.56,,1.507,5.0,,6.5,108,45.0,20.0,35.0,14.2,175,1.25,7.03,25.0,optimal,clay,S1,0,2,2,1,5.86,,0.009999999999999787
Kab. Subang,2021,161200,947500,58.8,5.88,bps_embed,1.0010214504596529,NORMAL,0.17,MG,2021,27.593,27.032,27.577,312.6,195.2,60.8,568.6,76.353,1149.11,1092.85,,1.272,5.0,,6.5,108,45.0,20.0,35.0,14.2,175,1.25,7.03,25.0,optimal,clay,S1,0,2,2,1,5.87,5.86,0.009999999999999787
Kab. Subang,2022,172000,1012000,58.8,5.88,bps_embed,1.0010214504596529,NORMAL,0.0,MG,2022,27.303,26.876,27.761,488.0,244.5,78.4,810.9,78.214,1084.08,1049.07,,1.654,5.0,,6.5,108,45.0,20.0,35.0,14.2,175,1.25,7.03,25.0,optimal,clay,S1,0,2,2,1,5.88,5.87,0.0
Kab. Subang,2023,155000,911500,58.8,5.88,bps_embed,1.0010214504596529,NORMAL,0.0,MG,2023,27.956,27.566,27.645,294.4,108.7,5.6,408.7,73.212,1170.67,1149.43,,0.735,5.0,,6.5,108,45.0,20.0,35.0,14.2,175,1.25,7.03,25.0,optimal,clay,S1,0,2,2,1,5.88,5.88,0.0
Kab. Subang,2019,168000,985100,58.6,5.86,bps_embed,0.9976166155941438,NORMAL,,MR,2019,,,,,,,,,,,,,,,6.5,108,45.0,20.0,35.0,14.2,175,1.25,7.03,25.0,optimal,clay,S1,1,2,2,1,,,
Kab. Subang,2020,164500,966000,58.7,5.87,bps_embed,0.9993190330268984,NORMAL,0.17,MR,2020,28.709,27.165,26.593,184.5,941.5,416.0,1542.0,76.18,1448.03,1079.92,,4.506,5.0,,6.5,108,45.0,20.0,35.0,14.2,175,1.25,7.03,25.0,optimal,clay,S1,1,2,2,1,5.86,,0.009999999999999787
Kab. Subang,2021,161200,947500,58.8,5.88,bps_embed,1.0010214504596529,NORMAL,0.17,MR,2021,27.782,26.434,26.096,450.5,759.9,360.1,1570.5,80.314,1193.12,896.21,,3.707,5.0,,6.5,108,45.0,20.0,35.0,14.2,175,1.25,7.03,25.0,optimal,clay,S1,1,2,2,1,5.87,5.86,0.009999999999999787
Kab. Subang,2022,172000,1012000,58.8,5.88,bps_embed,1.0010214504596529,NORMAL,0.0,MR,2022,27.683,26.947,26.611,609.5,594.6,239.5,1443.6,79.577,1148.48,1070.0,,3.275,5.0,,6.5,108,45.0,20.0,35.0,14.2,175,1.25,7.03,25.0,optimal,clay,S1,1,2,2,1,5.88,5.87,0.0
Kab. Subang,2023,155000,911500,58.8,5.88,bps_embed,1.0010214504596529,NORMAL,0.0,MR,2023,27.048,26.705,26.207,707.4,581.6,301.3,1590.3,81.16,1072.63,1073.29,,3.508,5.0,,6.5,108,45.0,20.0,35.0,14.2,175,1.25,7.03,25.0,optimal,clay,S1,1,2,2,1,5.88,5.88,0.0
Kab. Sukabumi,2019,128600,644800,50.1,5.01,bps_embed,0.99523241954708,NORMAL,,MG,2019,25.342,24.326,24.055,437.2,27.3,15.3,479.8,77.385,1077.35,1163.41,,1.001,5.0,,5.2,132,38.0,32.0,30.0,16.2,178,1.24,5.53,21.2,masam,clay_loam,S2,0,1,1,3,,,
Kab. Sukabumi,2020,125400,630200,50.3,5.029999999999999,bps_embed,0.9992054032578466,NORMAL,0.4,MG,2020,25.158,24.395,24.358,659.0,162.8,69.5,891.3,81.762,949.96,1066.87,,2.058,5.0,,5.2,132,38.0,32.0,30.0,16.2,178,1.24,5.53,21.2,masam,clay_loam,S2,0,1,1,3,5.01,,0.019999999999999574
Kab. Sukabumi,2021,122100,616000,50.4,5.04,bps_embed,1.00119189511323,NORMAL,0.2,MG,2021,24.972,24.494,24.623,465.5,194.3,113.1,772.9,78.953,1111.27,1056.65,,1.723,5.0,,5.2,132,38.0,32.0,30.0,16.2,178,1.24,5.53,21.2,masam,clay_loam,S2,0,1,1,3,5.029999999999999,5.01,0.010000000000000675
Kab. Sukabumi,2022,130200,657000,50.5,5.05,bps_embed,1.0031783869686135,NORMAL,0.2,MG,2022,24.627,24.153,24.632,518.1,340.9,95.4,954.4,81.795,1019.53,1004.29,,2.117,5.0,,5.2,132,38.0,32.0,30.0,16.2,178,1.24,5.53,21.2,masam,clay_loam,S2,0,1,1,3,5.04,5.029999999999999,0.009999999999999787
Kab. Sukabumi,2023,118900,599000,50.4,5.04,bps_embed,1.00119189511323,NORMAL,-0.2,MG,2023,25.121,24.375,24.119,327.0,169.4,10.9,507.3,79.888,1112.09,1040.25,,1.07,5.0,,5.2,132,38.0,32.0,30.0,16.2,178,1.24,5.53,21.2,masam,clay_loam,S2,0,1,1,3,5.05,5.04,-0.009999999999999787
Kab. Sukabumi,2019,128600,644800,50.1,5.01,bps_embed,0.99523241954708,NORMAL,,MR,2019,,,,,,,,,,,,,,,5.2,132,38.0,32.0,30.0,16.2,178,1.24,5.53,21.2,masam,clay_loam,S2,1,1,1,3,,,
Kab. Sukabumi,2020,125400,630200,50.3,5.029999999999999,bps_embed,0.9992054032578466,NORMAL,0.4,MR,2020,25.012,24.534,24.41,199.4,865.6,419.6,1484.6,80.748,1339.84,1046.22,,3.711,5.0,,5.2,132,38.0,32.0,30.0,16.2,178,1.24,5.53,21.2,masam,clay_loam,S2,1,1,1,3,5.01,,0.019999999999999574
Kab. Sukabumi,2021,122100,616000,50.4,5.04,bps_embed,1.00119189511323,NORMAL,0.2,MR,2021,24.188,23.837,24.0,765.5,851.1,218.0,1834.6,84.345,1074.17,828.09,,4.709,5.0,,5.2,132,38.0,32.0,30.0,16.2,178,1.24,5.53,21.2,masam,clay_loam,S2,1,1,1,3,5.029999999999999,5.01,0.010000000000000675
Kab. Sukabumi,2022,130200,657000,50.5,5.05,bps_embed,1.0031783869686135,NORMAL,0.2,MR,2022,24.478,24.392,24.057,713.5,449.9,315.0,1478.4,82.45,1017.75,1071.2,,3.742,5.0,,5.2,132,38.0,32.0,30.0,16.2,178,1.24,5.53,21.2,masam,clay_loam,S2,1,1,1,3,5.04,5.029999999999999,0.009999999999999787
Kab. Sukabumi,2023,118900,599000,50.4,5.04,bps_embed,1.00119189511323,NORMAL,-0.2,MR,2023,24.122,23.984,23.729,817.0,634.6,334.7,1786.3,83.767,961.85,1007.28,,4.861,5.0,,5.2,132,38.0,32.0,30.0,16.2,178,1.24,5.53,21.2,masam,clay_loam,S2,1,1,1,3,5.05,5.04,-0.009999999999999787
Kab. Sumedang,2019,78000,427000,54.7,5.470000000000001,bps_embed,0.998175182481752,NORMAL,,MG,2019,25.524,25.334,24.977,475.5,3.7,2.4,481.6,67.901,1064.63,1199.94,,1.054,5.0,,5.6,148,39.0,27.0,34.0,18.8,200,1.21,6.81,22.4,optimal,clay_loam,S2,0,1,2,3,,,
Kab. Sumedang,2020,76200,417400,54.8,5.48,bps_embed,1.0,NORMAL,0.18,MG,2020,25.263,25.198,25.5,589.8,37.3,21.7,648.8,75.269,989.3,1112.33,,1.482,5.0,,5.6,148,39.0,27.0,34.0,18.8,200,1.21,6.81,22.4,optimal,clay_loam,S2,0,1,2,3,5.470000000000001,,0.009999999999999787
Kab. Sumedang,2021,74800,410000,54.8,5.48,bps_embed,1.0,NORMAL,0.0,MG,2021,25.117,24.777,25.51,310.5,133.2,35.4,479.1,74.94,1105.71,1055.74,,1.255,5.0,,5.6,148,39.0,27.0,34.0,18.8,200,1.21,6.81,22.4,optimal,clay_loam,S2,0,1,2,3,5.48,5.470000000000001,0.0
Kab. Sumedang,2022,80200,440000,54.9,5.49,bps_embed,1.001824817518248,NORMAL,0.18,MG,2022,24.802,24.506,25.732,438.7,190.5,57.0,686.2,76.996,1039.69,1015.42,,1.536,5.0,,5.6,148,39.0,27.0,34.0,18.8,200,1.21,6.81,22.4,optimal,clay_loam,S2,0,1,2,3,5.48,5.48,0.009999999999999787
Kab. Sumedang,2023,71000,389200,54.8,5.48,bps_embed,1.0,NORMAL,-0.18,MG,2023,25.364,25.218,25.032,380.4,80.3,3.0,463.7,72.195,1111.21,1093.35,,0.996,5.0,,5.6,148,39.0,27.0,34.0,18.8,200,1.21,6.81,22.4,optimal,clay_loam,S2,0,1,2,3,5.49,5.48,-0.009999999999999787
Kab. Sumedang,2019,78000,427000,54.7,5.470000000000001,bps_embed,0.998175182481752,NORMAL,,MR,2019,,,,,,,,,,,,,,,5.6,148,39.0,27.0,34.0,18.8,200,1.21,6.81,22.4,optimal,clay_loam,S2,1,1,2,3,,,
Kab. Sumedang,2020,76200,417400,54.8,5.48,bps_embed,1.0,NORMAL,0.18,MR,2020,26.947,24.86,24.241,110.4,975.5,507.1,1593.0,73.9,1393.24,1036.67,,4.396,5.0,,5.6,148,39.0,27.0,34.0,18.8,200,1.21,6.81,22.4,optimal,clay_loam,S2,1,1,2,3,5.470000000000001,,0.009999999999999787
Kab. Sumedang,2021,74800,410000,54.8,5.48,bps_embed,1.0,NORMAL,0.0,MR,2021,25.492,24.026,23.782,472.8,1079.7,327.9,1880.4,80.535,1136.02,851.41,,4.699,5.0,,5.6,148,39.0,27.0,34.0,18.8,200,1.21,6.81,22.4,optimal,clay_loam,S2,1,1,2,3,5.48,5.470000000000001,0.0
Kab. Sumedang,2022,80200,440000,54.9,5.49,bps_embed,1.001824817518248,NORMAL,0.18,MR,2022,25.386,24.473,24.121,756.6,881.0,307.1,1944.7,79.608,1076.8,1026.45,,4.902,5.0,,5.6,148,39.0,27.0,34.0,18.8,200,1.21,6.81,22.4,optimal,clay_loam,S2,1,1,2,3,5.48,5.48,0.009999999999999787
Kab. Sumedang,2023,71000,389200,54.8,5.48,bps_embed,1.0,NORMAL,-0.18,MR,2023,24.642,24.223,23.871,766.2,897.7,396.5,2060.4,81.872,990.14,1020.49,,4.832,5.0,,5.6,148,39.0,27.0,34.0,18.8,200,1.21,6.81,22.4,optimal,clay_loam,S2,1,1,2,3,5.49,5.48,-0.009999999999999787
Kab. Tasikmalaya,2019,135000,718200,53.2,5.32,bps_embed,0.9992486851990984,NORMAL,,MG,2019,26.334,23.397,22.6,405.2,42.7,24.2,472.1,83.236,988.3,965.29,,1.122,5.0,,5.7,158,36.0,30.0,34.0,21.0,215,1.17,7.43,21.2,optimal,clay_loam,S1,0,2,2,3,,,
Kab. Tasikmalaya,2020,132100,703400,53.2,5.32,bps_embed,0.9992486851990984,NORMAL,0.0,MG,2020,26.447,24.682,24.11,792.6,169.5,68.5,1030.6,85.694,915.36,905.17,,2.692,5.0,,5.7,158,36.0,30.0,34.0,21.0,215,1.17,7.43,21.2,optimal,clay_loam,S1,0,2,2,3,5.32,,0.0
Kab. Tasikmalaya,2021,129500,689800,53.3,5.33,bps_embed,1.0011269722013525,NORMAL,0.19,MG,2021,26.028,25.243,24.158,372.3,208.9,126.2,707.4,83.612,1048.7,948.95,,1.766,5.0,,5.7,158,36.0,30.0,34.0,21.0,215,1.17,7.43,21.2,optimal,clay_loam,S1,0,2,2,3,5.32,5.32,0.009999999999999787
Kab. Tasikmalaya,2022,137800,734000,53.3,5.33,bps_embed,1.0011269722013525,NORMAL,0.0,MG,2022,25.967,25.025,24.535,575.5,309.2,161.2,1045.9,84.515,988.33,892.39,,2.444,5.0,,5.7,158,36.0,30.0,34.0,21.0,215,1.17,7.43,21.2,optimal,clay_loam,S1,0,2,2,3,5.33,5.32,0.0
Kab. Tasikmalaya,2023,125000,665500,53.2,5.32,bps_embed,0.9992486851990984,NORMAL,-0.19,MG,2023,26.101,24.233,22.781,404.1,237.3,26.6,668.0,85.222,1010.46,856.77,,1.763,5.0,,5.7,158,36.0,30.0,34.0,21.0,215,1.17,7.43,21.2,optimal,clay_loam,S1,0,2,2,3,5.33,5.33,-0.009999999999999787
Kab. Tasikmalaya,2019,135000,718200,53.2,5.32,bps_embed,0.9992486851990984,NORMAL,,MR,2019,,,,,,,,,,,,,,,5.7,158,36.0,30.0,34.0,21.0,215,1.17,7.43,21.2,optimal,clay_loam,S1,1,2,2,3,,,
Kab. Tasikmalaya,2020,132100,703400,53.2,5.32,bps_embed,0.9992486851990984,NORMAL,0.0,MR,2020,25.1,26.071,25.876,149.0,813.3,618.2,1580.5,82.846,1218.54,1026.47,,3.707,5.0,,5.7,158,36.0,30.0,34.0,21.0,215,1.17,7.43,21.2,optimal,clay_loam,S1,1,2,2,3,5.32,,0.0
Kab. Tasikmalaya,2021,129500,689800,53.3,5.33,bps_embed,1.0011269722013525,NORMAL,0.19,MR,2021,25.257,25.419,25.504,624.1,1214.4,305.7,2144.2,85.169,962.18,815.96,,5.258,5.0,,5.7,158,36.0,30.0,34.0,21.0,215,1.17,7.43,21.2,optimal,clay_loam,S1,1,2,2,3,5.32,5.32,0.009999999999999787
Kab. Tasikmalaya,2022,137800,734000,53.3,5.33,bps_embed,1.0011269722013525,NORMAL,0.0,MR,2022,25.191,25.747,25.557,952.9,833.6,426.4,2212.9,84.365,931.8,992.12,,6.25,5.0,,5.7,158,36.0,30.0,34.0,21.0,215,1.17,7.43,21.2,optimal,clay_loam,S1,1,2,2,3,5.33,5.32,0.0
Kab. Tasikmalaya,2023,125000,665500,53.2,5.32,bps_embed,0.9992486851990984,NORMAL,-0.19,MR,2023,25.187,25.46,25.45,1191.0,943.2,514.5,2648.7,84.596,844.84,962.91,,6.9,5.0,,5.7,158,36.0,30.0,34.0,21.0,215,1.17,7.43,21.2,optimal,clay_loam,S1,1,2,2,3,5.33,5.33,-0.009999999999999787
